0,Black,Vantablack,Registration Black,Black Hole,Armor Wash,000000
16,Black,Vantablack,Registration Black,Black Hole,Armor Wash,000000
232,Reversed Grey,Accursed Black,Badab Black Wash,Black Metal,Existential Angst,080808
233,Dark Tone Ink,Sticky Black Tarmac,Dreamless Sleep,Cursed Black,Glimpse into Space,121212
234,Eerie Black,Coco’s Black,Gluon Grey,Siyâh Black,Dynamic Black,1c1c1c
235,Nero,Bitter Liquorice,Dire Wolf,Bokara Grey,Darth Vader,262626
236,Off Black,Tricorn Black,Coated,Tap Shoe,Black Cat,303030
237,Dead Pixel,Black Liquorice,Boltgun Metal,Montana,Limousine Leather,3a3a3a
238,Goshawk Grey,Medium Black,Greenish Black,Machine Gun Metal,Vulcanized,444444
239,Black Oak,Charadon Granite,Perle Noir,Thunder,Fiftieth Shade of Grey,4e4e4e
240,Shadow Mountain,Charcoal Dust,Sumi Ink,Carbon Dating,Industrial Grey,585858
59,Rhine Castle,Shades On,Charcoal Smudge,Iron,Hematite,5f5f5f
241,Kettleman,Grizzle Grey,Digital,Roycroft Pewter,Tornado Wind,626262
242,Dove Grey,Scapa Flow,Boat Anchor,Shadows,Dark Ash,6c6c6c
243,Lucky Grey,Sonic Silver,Steel Wool,Iron Mountain,Riverstone,767676
8,Grey,Pound Sterling,Mt. Rushmore,Trolley Grey,Captain Nemo,808080
244,Grey,Pound Sterling,Mt. Rushmore,Trolley Grey,Captain Nemo,808080
102,Mithril,Lunar Base,Looking Glass,Argent,Jumbo,878787
245,Wild Dove,Argent,Falcon Grey,Heavy Rain,Pewter Ring,8a8a8a
246,Grey Shingle,Moonlit Orchid,Grey Summit,Nickel,Shark Fin,949494
247,Mortar Grey,Smoky Tone,Waiting,Cold Grey,Hugh’s Hue,9e9e9e
248,Uniform Grey,Nosferatu,Elephant in the Room,Ultimate Grey,Moon Landing,a8a8a8
145,Smoke Screen,Aluminum Sky,Bombay,Industrial Age,Tin Foil,afafaf
249,Tangled Web,Palladium,Silverstone,Harbour Fog,Praise Giving,b2b2b2
250,Dust to Dust,Glacier Grey,Gravel Fint,Alaskan Grey,Anti Rainbow Grey,bcbcbc
7,Silver,Stonewall Grey,Waxwing,Silver Tipped Sage,Neo Tokyo Grey,c0c0c0
251,Silver Polish,Autonomous,Dreamscape Grey,Paternoster,Lunar Rock,c6c6c6
252,Ancestral Water,Cool Elegance,Clouded Vision,American Silver,White Metal,d0d0d0
188,Cape Hope,Silver Medal,Tundra,Windchill,Desired Dawn,d7d7d7
253,Porpoise,Subtle Touch,Urban Snowfall,Orochimaru,Silver Setting,dadada
254,Titanium White,Windswept Beach,Tripoli White,Grey Whisper,Cold Morning,e4e4e4
255,Super Silver,White Whale,Essence of Violet,Crystal Bell,White Edgar,eeeeee
15,White,White as Heaven,Whitecap Snow,Pale Grey,Polar Bear In A Blizzard,ffffff
231,White,White as Heaven,Whitecap Snow,Pale Grey,Polar Bear In A Blizzard,ffffff
224,We Peep,Forgotten Pink,Cottagecore Sunset,Go Go Pink,Satin Ribbon,ffd7d7
181,Mary Rose,Radiant Rouge,Victoriana,Pale Persimmon,Ballet Rose,d7afaf
138,Woodrose,Orchid Red,Warm Comfort,Audrey’s Blush,Retro Pink,af8787
95,Rabbit Paws,Aged Beech,Tarsier,Forbidden Thrill,Rose Garland,875f5f
217,Fancy Flamingo,Cornflower Lilac,Wildflower Bouquet,Peach Bud,Apricot Haze,ffafaf
174,Peaches of Immortality,Copperfield,Rhubarb Pie,Finest Blush,Mauve Glow,d78787
131,Italian Villa,Poppy Prose,Sienna Red,Cinnamon Candle,Spiced Tea,af5f5f
210,Red Mull,Coral Trails,Tulip,Prime Pink,Camaron Pink,ff8787
167,Roman,Happy Hearts,Salami Slice,Deep Sea Coral,Tory Red,d75f5f
203,Fusion Red,Pineapple Salmon,Pompelmo,Pastel Red,Grapefruit,ff5f5f
52,Spikey Red,Red Blood,Vampire Hunter,Soooo Bloody,Khorne Red,5f0000
1,Maroon,Salami,Dark Red,Sacrifice Altar,Chanticleer,800000
88,Chanticleer,Glass Bull,Sacrifice Altar,Dark Red,Scab Red,870000
124,Red Door,Velvet Volcano,Heartbeat,Artful Red,Red Pentacle,af0000
160,Red Republic,Rosso Corsa,Hot Fever,Red Pegasus,Red Epiphyllum,d70000
9,Red,Rainbow’s Outer Rim,Fire Engine,Encarnado,Left on Red,ff0000
196,Red,Rainbow’s Outer Rim,Fire Engine,Encarnado,Left on Red,ff0000
209,After Burn,Pink Fire,Protein High,Mango Orange,Nectarine,ff875f
216,Spice Pink,Sunset over the Alps,Super Sepia,Coral Correlation,Coral Dusk,ffaf87
173,Bright Sienna,Copper Tan,Harvest Time,Georgian Leather,Show Business,d7875f
202,Vivid Orange,Maximum Orange,Molten Core,Safety Orange,Willpower Orange,ff5f00
166,Exuberance,Ancient Bamboo,Orange Danger,Raging Leaf,Tenné,d75f00
223,Delicious Melon,Acini di Pepe,Venus Deathtrap,Forgotten Sunset,Satin Latour,ffd7af
180,Porcini,Santa Fe Tan,Calico,Caramel Cloud,Buttery Leather,d7af87
137,Clay Ochre,Roman Coin,Light Oak Brown,Caramel Kiss,Sacred Ground,af875f
215,Vintage Orange,Dreamy Sunset,Burning Flame,Rajah,Mango Salsa,ffaf5f
208,Mandarin Jelly,The New Black,American Orange,Sun Crete,Orange Juice,ff8700
130,Orange Brown,Orangish Brown,Umber,Ginger,Butter Fudge,af5f00
172,Fleur de Sel Caramel,Fox Tails,Harvest Eve Gold,Orange Pepper,Fulvous,d78700
222,Workout Routine,Surfboard Yellow,Big Bus Yellow,Oberon,Egg Cream,ffd787
179,Sell Gold,Butterscotch Bliss,Equator,Stranglethorn Ochre,French Pale Gold,d7af5f
214,Fresh Squeezed,Clementine Jelly,Frenzy,Yellow Exhilaration,Imperial Yellow,ffaf00
94,Rat Brown,Soil Of Avagddu,Alligator,Ground Earth,Hè Sè Brown,875f00
221,Common Dandelion,Lemon Twist,Aspen Gold,Naples Yellow,Yellow Stagshorn,ffd75f
136,Strong Mustard,Chestnut Gold,Mustard Brown,Bark Sawdust,Cobra Leather,af8700
178,Palomino Gold,Deadly Yellow,Chinese Gold,Mustard,Burnt Yellow,d7af00
220,Gold,School Bus,Soviet Gold,Cyber Yellow,Evil-Lyn,ffd700
230,Poetic Yellow,Lit,Sun City,Pumpkin Seed,Matt White,ffffd7
187,Green Mesh,Morning Moor,Kohlrabi Green,Mǐ Bái Beige,Dull Sage,d7d7af
144,Daddy-O,Lively Ivy,Wall Green,Underhive Ash,New Bamboo,afaf87
101,Tilleul de Noémie,Green Savage,Green Scene,Spinach Souffle,Bandicoot,87875f
229,VIC 20 Creme,Parchment,Creamy Sunshine Pastel,Ginger Lemon Tea,Bollywood Gold,ffffaf
186,Wax Green,Treasury,Lime Ice,Garlic Toast,Golden Delicious,d7d787
143,Palm,Palm Frond,Green Me,April Green,Hemp Tea,afaf5f
228,Cinque Foil,Yippie Yellow,Aged Plastic Casing,Butter,Yellowish Tan,ffff87
185,Banana Chalk,Chinese Green,Energized,Species,Sequesta,d7d75f
227,Canary,Candy Corn,Duckling Fluff,Laser Lemon,Unmellow Yellow,ffff5f
58,Mud Green,Earthy Khaki Green,Green Brown,Ayahuasca Vine,Serrano Pepper,5f5f00
3,Heart Gold,Drably Olive,Verde Tropa,Mongolian Plateau,Swamp Green,808000
100,Drably Olive,Heart Gold,Old Asparagus,Krypton Green,Moscow Papyrus,878700
142,Honey and Thyme,Mustard Green,Dark Citron,Yew,Sulphine Yellow,afaf00
184,Chartreuse Shot,Golden Gun,March Green,Mogwa-Cheong Yellow,Octarine,d7d700
11,Yellow,Bat-Signal,Yell for Yellow,Lemon Glacier,Bright Yellow,ffff00
226,Yellow,Bat-Signal,Yell for Yellow,Lemon Glacier,Bright Yellow,ffff00
190,Lime Zest,Citron Goby,Bitter Lime,Dancing-Lady Orchid,Neon Yellow,d7ff00
148,King Lime,Slimer Green,Immaculate Iguana,Vivid Lime Green,High Grass,afd700
106,Fresh Lawn,Dark Lime,Brilliant Green,Seasoned Apple Green,Grasping Grass,87af00
191,Isotonic Water,Pear Spritz,Green of Bhabua,Ultra Moss,Tennis Ball,d7ff5f
64,Pesto Alla Genovese,Avocado,Olive Green,Topiary Green,Pistachio Flour,5f8700
154,Lime Acid,Lime Candy Pearl,Lemon Green,Wolf Lichen,Spring Bud,afff00
192,Green Shimmer,Honeydew Peel,Mystic Green,Green Incandescence,Sunny Lime,d7ff87
149,Lime Lizard,Juicy Lime,Last of Lettuce,Citrus Leaf,Badass Grass,afd75f
112,Overgrown,Electric Leaf,Alien Armpit,Sheen Green,Green Cape,87d700
70,Kermit Green,Leaf Green,Appetizing Asparagus,Yoshi,Emerald Glitter,5faf00
118,Lasting Lime,Bright Lime,Radioactive,Radium,Mochito,87ff00
193,Lime Mist,Sour Green Cherry,Greedy Green,Breeze of Green,Distilled Venom,d7ffaf
150,Fresh Lettuce,Peas In A Pod,Wasabi,Pastel Lime,Feijoa,afd787
107,Broccoli,Chelsea Cucumber,Jealousy,Celuce,Nasturtium Leaf,87af5f
155,Pale Lime Green,Irradiated Green,Luminescent Lime,Stinging Wasabi,Key Lime,afff5f
76,Radioactive Lilypad,Tropical Funk,Corrosive Green,Blinking Terminal,Composite Artefact Green,5fd700
82,Bright Green,Fertility Green,Hyper Green,Bright Lime Green,Sparkling Green,5fff00
156,Pistachio Mousse,Pale Light Green,Light Yellowish Green,Green Day,Green Incandescence,afff87
113,Lilliputian Lime,Bright Lettuce,Vivid Spring,Amazon Parrot,Fairy Tale Green,87d75f
119,Poisonous Dart,Lighter Green,Stadium Lawn,Amazon Parrot,Astro Arcade Green,87ff5f
194,Transparent Green,Aquarelle Mint,Frosted Plains,Light Carolina,Mint Zest,d7ffd7
151,Flower Stem,Fizz,Big Spender,Coral Springs,Pastel Mint Green,afd7af
108,Chatty Cricket,Shaded Willow,Peapod,Meadow,Mermaid’s Cove,87af87
65,Hippie Green,Tuscan Herbs,Soylent Green,Clouded Pine,Spring Garden,5f875f
157,Creamy Mint,Light Seafoam Green,Light Mint Green,Light Pastel Green,Light Mint,afffaf
114,Greek Garden,De York,Electric Lettuce,Feralas Lime,VIC 20 Green,87d787
71,Boring Green,Chlorella Green,Endo,Exploration Green,Techno Green,5faf5f
120,Easter Green,Cobalt Green,Radar Blip Green,Light Green,Ulva Lactuca Green,87ff87
77,Lightish Green,Koopa Green Shell,Scorpion Green,Fresh Green,Loud Green,5fd75f
83,Screamin’ Green,Biopunk,Green Katamari,Puyo Blob Green,Goblin Warboss,5fff5f
22,Cucumber,Duck Hunt,Pakistan Green,Forest Ride,Emerald Green,005f00
2,Hulk,Lucky Clover,Green Hills,Fine Pine,Moth Green,008000
28,Fine Pine,Lucky Clover,Hulk,Clover,Maniac Green,008700
34,Phosphor Green,Aquamentus Green,Bubble Bobble Green,Green Glimmer,Waystone Green,00af00
40,Greenalicious,Nuclear Throne,Tunic Green,Demeter Green,Vibrant Green,00d700
10,Green,Venom Dart,Electric Pickle,Spring,EGA Green,00ff00
46,Green,Venom Dart,Electric Pickle,Spring,EGA Green,00ff00
84,Thallium Flame,Grotesque Green,Flora,Light Green,Goblin Green,5fff87
121,Esper’s Fungus Green,Green Epiphany,Foam Green,Mild Menthol,Mint Bliss,87ffaf
78,Spring Bouquet,Van Gogh Green,Grotesque Green,Vegetation,Snow Pea,5fd787
47,Cathode Green,Booger Buster,Mike Wazowski Green,Spring Green,Guppie Green,00ff5f
41,Alienated,Malachite,Limonana,Benzol Green,Green Priestess,00d75f
158,Mintastic,Pale Turquoise,Seafair Green,Icery,Neo Mint,afffd7
115,Jovial Jade,Tropical Trail,Pharaoh’s Jade,Marooned,Aquamarine Ocean,87d7af
72,Verdigris Green,Green Tourmaline,Jade Cream,Sea Grass,Crazy Eyes,5faf87
85,Ineffable Green,Hanuman Green,Venice Green,Illicit Green,Sea Green,5fffaf
48,Guppie Green,Spring Green,Turquoise Green,Ahaetulla Prasina,Booger Buster,00ff87
35,Go Green!,Greedo Green,Rita Repulsa,Alhambra Green,Jungle,00af5f
42,Underwater Fern,Benzol Green,Caribbean Green,Cōng Lǜ Green,Aqua Green,00d787
122,Tibetan Plateau,Roller Derby,Hiroshima Aquamarine,A State of Mint,Calamine BLue,87ffd7
79,Medium Aquamarine,Sweet Garden,Tropical Tide,Aquarium Blue,Jamaican Jade,5fd7af
49,Greenish Turquoise,Enthusiasm,Yíng Guāng Sè Green,Minty Paradise,Night Pearl,00ffaf
29,Absinthe Turquoise,Chagall Green,Spectral Green,Spanish Viridian,Bosphorus,00875f
86,Rare Wind,Move Mint,Spindrift,Icy Life,Near Moon,5fffd7
36,Arcadia,Simply Green,Hobgoblin,Chromophobia Green,Moray Eel,00af87
43,Channel Marker Green,Lifeless Green,Mint Leaf,Pristine Oceanic,Malted Mint Madness,00d7af
50,Ice Ice Baby,Plunge Pool,Vibrant Mint,Frozen Boubble,Bright Teal,00ffd7
195,Refreshing Primer,Salt Mountain,Mount Olympus,Cold Canada,Ice,d7ffff
152,Rivers Edge,Light Continental Waters,Sugar Pool,Light Imagine,Wave Top,afd7d7
109,Hydrology,Bon Voyage,Cold Front Green,Shallow Water Ground,Jitterbug Lure,87afaf
66,Steel Teal,Arctic,Cretan Green,Tasmanian Sea,Pond Sedge,5f8787
159,Celeste,Italian Sky Blue,Frostbite,Affen Turquoise,Winter Meadow,afffff
116,Island Oasis,Mountain Lake Blue,Vibrant Soft Blue,Rainwater,VIC 20 Sky,87d7d7
73,Aquarelle,Artesian Well,Fountain Blue,Experience,Timid Sea,5fafaf
123,Glitter Shower,Electric Blue,Shallow Water,Photon Projector,Defense Matrix,87ffff
80,Hammam Blue,Pluviophile,Blue Radiance,Watercourse,Jazzy Jade,5fd7d7
87,Moonglade Water,CGA Blue,Electric Sheep,Frozen Turquoise,Aggressive Baby Blue,5fffff
23,Sandhill Crane,Mosque,Emerald Stone,Enamelled Jewel,Tidal Pool,005f5f
6,Teal,Belly Flop,Pond Bath,Windows 95 Desktop,Macquarie,008080
30,Green Moblin,Green Lapis,Navigate,Well Blue,Milky Aquamarine,008787
37,Fiji,Jade Orchid,Bluebird,Cyan Sky,Garish Blue,00afaf
44,Jade Glass,Aztec Turquoise,Mint Morning,Tilla Kari Mosque,First Timer Green,00d7d7
14,Aqua,Spanish Sky Blue,Fluorescent Turquoise,Agressive Aqua,Arctic Water,00ffff
51,Aqua,Spanish Sky Blue,Fluorescent Turquoise,Agressive Aqua,Arctic Water,00ffff
45,Neon Blue,Tropical Turquoise,Vivid Sky Blue,Bright Sky Blue,Whimsical Blue,00d7ff
38,Malibu Blue,Blue Fire,Blue Atoll,Maldives,Vanadyl Blue,00afd7
31,Stomy Shower,Lyrebird,Corfu Waters,Tiny Bubbles,Tusche Blue,0087af
81,Athena Blue,Ionized-air Glow,Skyan,Electric Lemonade,Heisenberg Blue,5fd7ff
24,Blue Flame,Impulse,Ink Blotch,Blue League,Blue Heist,005f87
39,Krishna Blue,Protoss Pylon,Blue Bolt,Hawaii Morning,Democrat,00afff
117,Tranquil Pool,Kul Sharif Blue,Drift on the Sea,Platonic Blue,Clear Sky,87d7ff
74,Flyway,Disembark,Shimmering Brook,Riviera Blue,Crystal Seas,5fafd7
32,Blue Cola,Calgar Blue,Electron Blue,Kahu Blue,Lvivian Rain,0087d7
25,Cobalt Stone,Wing Commander,Directoire Blue,Peptalk,Bottled Sea,005faf
33,Too Blue to be True,Bubble Bobble P2,Brescian Blue,Azure,Starfleet Blue,0087ff
153,Ice Cold Stare,Droplet,Malmö FF,Endless Horizon,Night Snow,afd7ff
110,Blue Bell,Birdie Num Num,Buoyant Blue,Boy Blue,Reform,87afd7
67,Pacific Coast,Shrinking Violet,Lichen Blue,Perfect Periwinkle,Sand Shark,5f87af
75,Tiān Lán Sky,Âbi Blue,Joust Blue,Hello Summer,Blue Jeans,5fafff
26,Blue Ruin,Frosted Blueberries,Royal Navy Blue,Dead Blue Eyes,Pacific Bridge,005fd7
27,Bright Blue,Blue Ribbon,Megaman Helmet,Nīlā Blue,Blue et une Nuit,005fff
111,Kitten’s Eye,Carolina Blue,Parakeet Blue,Scenic Water,Fly Away,87afff
68,Blue Jay,Livid,Berlin Blue,Little Boy Blue,Marina,5f87d7
69,Deep Denim,Punch Out Glove,Skinny Jeans,Flickery C64,C64 NTSC,5f87ff
189,Transparent Blue,Pale Lavender,Icy Plains,Nostalgia Perfume,Contrail,d7d7ff
146,Pixie Violet,Freesia Purple,Lavender Wash,Delicate Lilac,High Style,afafd7
103,Aster Purple,Non Skid Grey,Persian Violet,Papilio Argeotus,Skysail Blue,8787af
60,Purple Balloon,Pharaoh Purple,Majestic Purple,Idol,Champion Blue,5f5f87
147,Winterspring Lilac,Shy Moment,Greyish Lavender,Purple Illusion,Dried Lilac,afafff
104,Tanzine,Bailey Bells,Mystic Iris,Adora,Mood Mode,8787d7
61,Bellflower,Yuè Guāng Lán Moonlight,Blue Iris,Evening Lagoon,Blue Marguerite,5f5faf
105,Lavender Blue Shadow,Periwinkle,Blue Party Parrot,Orchid,Periwinkle Blue,8787ff
62,Exodus Fruit,Dark Periwinkle,Thick Blue,Ameixa,Majorelle Blue,5f5fd7
63,Blue Genie,Blue Heath Butterfly,Shady Neon Blue,Blue Hepatica,Flickering Sea,5f5fff
17,Abyssal Blue,Alone in the Dark,D. Darx Blue,Alucard’s Night,Prussian Nights,00005f
4,Navy Blue,Midnight in Tokyo,Scotch Blue,Yves Klein Blue,Deep Blue,000080
18,Midnight in Tokyo,Yves Klein Blue,Navy Blue,Phthalo Blue,Scotch Blue,000087
19,Bohemian Blue,Traditional Royal Blue,Antarctic Circle,Keese Blue,Cobalt,0000af
20,Bluealicious,Medium Blue,Lady of the Sea,Pure Blue,Nightfall in Suburbia,0000d7
12,Blue,Graphical 80’s Sky,Star of David,Primary Blue,Strong Blue,0000ff
21,Blue,Graphical 80’s Sky,Star of David,Primary Blue,Strong Blue,0000ff
99,Purple Anemone,Purple Honeycreeper,Blackthorn Berry,Venetian Nights,Irrigo Purple,875fff
141,Lilac Geode,Purple Illusionist,Liliac,Illicit Purple,Queer Purple,af87ff
98,Gloomy Purple,Matt Purple,Iridescent Purple,Amethyst,Legendary Lavender,875fd7
57,Electric Indigo,Aladdin’s Feather,Bright Indigo,Wèi Lán Azure,Tezcatlipōca Blue,5f00ff
56,Trusted Purple,Gonzo Violet,Space Opera,Violet Blue,Sea Serpent’s Tears,5f00d7
183,Light Violet,Testosterose,Mauve,Teasel Dipsacus,Pink Illusion,d7afff
140,Middy’s Purple,Lavender Blossom,Pale Purple,Lenurple,Fleur-De-Lis,af87d7
97,Lusty Lavender,Chive Blossom,Genestealer Purple,Lavish Spending,Knight Elf,875faf
135,Purple Hedonist,Vega Violet,Lighter Purple,Queer Purple,Light Shōtoku Purple,af5fff
93,Purple Climax,Amethyst Ganzstar,Violent Violet,Poison Purple,Star Platinum Purple,8700ff
55,Aubergine Perl,Elegant Midnight,Indiviolet Sunset,Purplue,Indigo Purple,5f00af
92,French Violet,Vibrant Violet,Violet Ink,Violet Poison,Voluptuous Violet,8700d7
177,Lavender Tea,Crash Pink,Grass Pink Orchid,Pink Fetish,Bright Lilac,d787ff
134,Teldrassil Purple,Rich Lilac,Medium Orchid,Rich Lavender,Ripe Lavander,af5fd7
129,Poison Purple Paradise,Digital Violets,Bright Violet,The Grape War of 97’,Spectacular Purple,af00ff
54,Peaceful Purple,SQL Injection Purple,Zeus Purple,Extraviolet,Pigment Indigo,5f0087
171,Flaming Flamingo,After-Party Pink,Pink Fever,Jacaranda Pink,Heliotrope,d75fff
91,Shade of Violet,Violet Poison,Shiffurple,Purple Feather Boa,French Violet,8700af
128,Vibrant Purple,Ferocious Fuchsia,Capricious Purple,Vivid Mulberry,Foxy Fuchsia,af00d7
165,Psychedelic Purple,Phlox,Electric Orchid,Vivid Orchid,Hot Purple,d700ff
225,Sugarpills,Pink Diamond,Strawberry Frost,Sugar Chic,Silky Pink,ffd7ff
182,Whisper of Plum,Bff,Confectionary,Lilac Haze,Sea Lavender,d7afd7
139,Dusty Lavender,Stage Mauve,Voila!,African Violet,Fashionably Plum,af87af
96,Candy Violet,Dusty Purple,Ancient Murasaki Purple,Crushed Grape,Orchid Orchestra,875f87
219,Jigglypuff,Strawberry Buttercream,Distilled Rose,Sweet Slumber Pink,Pink Apotheosis,ffafff
176,Lavender Pink,Blush Essence,Purception,Lavender Perceptions,Hibiscus Pop,d787d7
133,Royalty Loyalty,Orchid Dottyback,Mazzy Star,Iris Orchid,Pearly Purple,af5faf
213,Darling Bud,Bubble Gum,Hottest Of Pinks,Technolust,Atomic Pink,ff87ff
170,Free Speech Magenta,Blueberry Glaze,Thick Pink,Fuchsia Flash,Death of a Star,d75fd7
207,Violet Pink,Pink Flamingo,Magenta Stream,Ultimate Pink,Surati Pink,ff5fff
53,Clear Plum,Purple Dreamer,Divine Purple,Amygdala Purple,God of Nights,5f005f
5,Purple,Philippine Violet,Aunt Violet,Mardi Gras,Ultraberry,800080
90,Mardi Gras,Dark Magenta,Purple,Philippine Violet,Aunt Violet,870087
127,Energic Eggplant,Purple Potion,Purple Pirate,Heliotrope Magenta,Kinky Koala,af00af
164,Fúchsia Intenso,Fungal Hallucinations,Passionate Pink,Awkward Purple,Screaming Magenta,d700d7
13,Magenta,Sixteen Million Pink,Rainbow’s Inner Rim,Brusque Pink,Fresh Neon Pink,ff00ff
201,Magenta,Sixteen Million Pink,Rainbow’s Inner Rim,Brusque Pink,Fresh Neon Pink,ff00ff
200,Fuchsia Flame,Hot Magenta,Mademoiselle Pink,Vice City,Bright Magenta,ff00d7
163,Aphroditean Fuchsia,Explosive Purple,Purple Pirate,Fúchsia Intenso,Passionate Pink,d700af
126,Vibrant Velvet,Katy Berry,Blissful Berry,Eye Popping Cherry,King’s Plum Pie,af0087
206,Illicit Pink,Rose Pink,Drunken Flamingo,Purple Pizzazz,Candy Pink,ff5fd7
89,Grapest,Cardinal Pink,Xereus Purple,Strong Cerise,Patriarch,87005f
199,Mean Girls Lipstick,Bright Pink,Ms. Pac-Man Kiss,Brutal Pink,Shocking Pink,ff00af
212,Pink Delight,Princess Perfume,Pout Pink,Shimmering Love,Angel Face Rose,ff87d7
169,Mega Magenta,Pú Táo Zǐ Purple,Purple Hollyhock,Orion,Pink Charge,d75faf
162,The Art of Seduction,Snappy Violet,Mexican Pink,Vampire Love Story,Benevolent Pink,d70087
125,Velvet Cupcake,Shy Guy Red,Aztec Warrior,Violet Red,Banafsaji Purple,af005f
198,Fancy Fuchsia,Hot Pink,Neon Rose,Flickr Pink,Strong Pink,ff0087
218,Lavender Candy,Spaghetti Strap Pink,Pink Cattleya,Fresh Gum,Hot Aquarelle Pink,ffafd7
175,Springtime Bloom,High Maintenance,Middle Purple,Vivacious Pink,Moonlit Mauve,d787af
132,Dahlia Mauve,Wild Mulberry,Guppy Violet,Meadow Mauve,Cure All,af5f87
205,Yíng Guāng Sè Pink,Girls Night Out,Pink Katydid,Pink as Hell,Hot Pink Fusion,ff5faf
161,Tête-à-Tête,Magna Cum Laude,Rubine Red,Anger,Rowan,d7005f
197,Flaming Hot Flamingoes,Sizzling Watermelon,New York Sunset,Standby Led,Sorx Red,ff005f
211,Informative Pink,Tickle Me Pink,Strawberry Dreams,Pinky,Rock’n’Rose,ff87af
168,Surfer Girl,Blush d’Amour,Flirty Rose,Preppy Rose,Groovy,d75f87
204,Stellar Strawberry,Brink Pink,Warm Pink,Ultra Red,Rosy Pink,ff5f87
